254230010,ALEKSANDRÓWKA,230625,541622
250210030,ANNOPOL,215003,505322
252150270,BABIMOST,154812,520837
253220260,BACIUTY,225904,530311
254220080,BAKAŁARZEWO,223958,540528
249220170,BALIGRÓD-MCHAWA,221701,492114
254220060,BANIE MAZURSKIE,220123,541506
249190620,BAŃSKA WYŻNA,195824,492303
250210070,BARANÓWEK,211519,504613
254210010,BARCIANY,212128,541245
250160410,BARDO,164439,503033
250200010,BARTKÓW,203859,505843
249210170,BARTNE,212044,493331
251210090,BARTODZIEJE,211159,513130
254200040,BARTOSZYCE,204752,541425
253160050,BARWICE,162129,534453
249210240,BARWINEK,214105,492552
251210270,BASINÓW,212126,514132
254180120,BĄKOWO,183149,541736
251190110,BEŁCHATÓW,192244,512526
251230120,BEZEK,231549,511038
252140180,BIAŁCZYK,145357,523919
249200450,BIAŁKA TATRZAŃSKA,200618,492446
251200080,BIAŁOBRZEGI,205703,513926
253220040,BIAŁOBRZEGI,225802,534820
252230120,BIAŁOWIEŻA,235052,524226
353230295,BIAŁYSTOK,230944,530626
253220070,BIEBRZA,223442,533902
249210070,BIECZ-GRUDNA,211744,494407
250200380,BIELINY PODUCHOWNE,205732,505058
349190600,BIELSKO-BIAŁA,190008,494824
251150320,BIERNA,150710,510210
250190380,BIERUŃ STARY,190541,500503
251170270,BIERUTÓW,173241,510708
253140080,BINOWO,143901,531829
249220060,BIRCZA,222852,494114
253200030,BISKUPIEC,205734,535118
253190130,BISKUPIEC N/OSĄ,192253,532906
249180170,BŁATNIA,185633,494449
251160010,BŁOTNICA,161752,515930
252170050,BOBROWNIKI,170738,524858
251190180,BOBRY,192420,510138
252140120,BOCZÓW,145656,521929
250200040,BODZENTYN,205705,505649
250140030,BOGATYNIA,145850,505359
249190170,BOGDANÓWKA,194717,494534
250160190,BOGUSZÓW-GORCE,161123,504457
250160610,BOLESŁAWÓW,165327,501517
252140070,BOLESZKOWICE,143401,524336
250160030,BOLKÓW,160555,505530
252230030,BONDARY,234516,525615
250190150,BONOWICE,194737,503716
252200080,BORKOWO,203937,523343
254200050,BORNITY,200303,541104
250150340,BOROWICE,154135,504721
251150040,BOROWIEC,155158,514750
253170010,BOROWY MŁYN,171826,535800
250160070,BORÓW,165924,505256
254170210,BORUCINO,175930,541513
254170230,BORUCINO,175928,541509
250200230,BORUSOWA,204713,501640
250200290,BORZĘCIN,204236,500357
253180010,BOŻEPOLE SZLACHECKIE,181352,535833
250170430,BRANICE,174756,500304
252220050,BRAŃSK,224935,524431
249180160,BRENNA,185215,494513
249180390,BRENNA-LEŚNICA,185411,494236
252160220,BRODNICA,165320,520827
251210240,BRODY IŁŻECKIE,211149,510107
250220130,BRODZIAKI,224724,503024
253190330,BRUDNICE,195206,530413
254160010,BRUSKOWO MAŁE,165254,542905
250180250,BRYNICA,185956,502818
249220130,BRZEGI DOLNE,223716,492636
253150240,BRZEŹNIAK,154016,533214
253190340,BUCZYNIEC,193505,535804
254170070,BUKOWINA,175036,542520
249200480,BUKOWINA TATRZAŃSKA,200554,492015
250150260,BUKÓWKA,155726,504246
253170270,BUNTOWO,170748,531559
253220160,BURZYN,222715,531643
253180220,BYDGOSZCZ,180245,531025
253190320,BYSZWAŁD,194432,533159
251160330,CEBER-KOZIE DOŁY,160102,514328
250160290,CHEŁMSKO ŚLĄSKIE,160412,504016
251200170,CHEŁSTY,200855,511257
251170020,CHOCZ,175142,515846
252140010,CHOJNA,142614,525752
353170235,CHOJNICE,173157,534255
250210180,CHORZELÓW,212639,502053
253150180,CHOSZCZNO,152423,531009
252230090,CHRABOŁY,231144,525144
250190370,CHRZANÓW,192455,500826
253170210,CHRZĄSTOWO,173501,530940
251160170,CHWAŁKOWICE,163647,512654
252230190,CICIBÓR,230634,520437
250150130,CIECHANOWICE,155838,505202
250190040,CIELĘTNIKI,193425,505318
253210240,CIERPIĘTA,210902,531031
250230160,CIESZANÓW,230705,501401
249180130,CIESZYN,183854,494515
250190320,CIĘŻKOWICE,192011,501243
249220250,CISNA,221952,491246
251180220,CISOWA,184243,510437
250200110,CISÓW,205410,504531
252140130,CYBINKA,144900,521120
249180220,CZANTORIA,184911,494100
251210310,CZARNA KOLONIA,212704,512553
253180060,CZARNA WODA,180534,535026
252210020,CZARNOWO,213206,525255
251180120,CZARTORYJA,182937,512943
250190270,CZELADŹ,190455,501943
252170140,CZERNIEJEWO,172908,522527
252180030,CZERNIKOWO,185630,525639
251160020,CZERWONA WIEŚ,164830,515725
350190550,CZĘSTOCHOWA,190530,504843
253160170,CZŁOPA,160657,530505
254160020,DARŁOWO,162206,542550
253150120,DARŻ,150200,532831
252180250,DĄBIE,184940,520513
250200360,DĄBROWA TARNOWSKA,205928,501110
251200270,DĄBRÓWKA STARA,204413,514649
249200340,DĘBNO,201234,492757
253220080,DĘBOWO,225550,533638
252180190,DĘBY SZLACHECKIE,183615,521731
254190110,DŁUGOBÓR,195929,541319
250160590,DŁUGOPOLE-ZDRÓJ,163800,501459
249200070,DOBCZYCE,200414,495239
252150020,DOBIEGNIEW,154455,525806
251180030,DOBRA,183722,515541
253190030,DOBROCIN,194941,535430
250170110,DOBROGOSZCZ,170102,504531
253210280,DOBRYLAS,215153,531707
253210220,DOBRYLAS,214938,531747
251190150,DOBRYSZYCE,192430,510851
251190220,DOBRYSZYCE,192443,510856
249200550,DOLINA PIĘCIU STAWÓW,200252,491249
251230150,DOROHUSK,234720,511012
253230180,DRAHLE,233318,532308
253150250,DRAWNO,154511,531232
253150110,DRAWSKO POMORSKIE,154928,533159
252150070,DREZDENKO,155037,525107
250180580,DRONIOWICE,184829,504143
252160310,DRUŻYNA POZNAŃSKA,164904,521228
253220050,DRYGAŁY,220632,534129
249210140,DUKLA,214050,493401
249220260,DWERNIK,223802,491315
254150010,DYGOWO,154329,540735
249220040,DYNÓW,221406,495007
253210330,DZBENIN,213235,530246
251180330,DZIAŁOSZYN,185226,510712
253190090,DZIARNY,193650,533411
250190350,DZIEĆKOWICE,191224,501046
250160260,DZIERŻONIÓW,163910,504312
250170290,DZIEWIĘTLICE,170503,502441
254140010,DZIWNÓW,144343,540121
254190190,ELBLĄG,192553,540943
354190160,ELBLĄG-MILEJEWO,193237,541324
253220030,EŁK,221940,534954
253180180,FALĘCIN,183221,531352
253230110,FASTY,230133,531039
250220080,FRAMPOL,223958,504030
253200120,FRĄKNOWO,201936,532623
254190050,FROMBORK,194038,542137
250230130,FUTORY,230247,501148
251230090,GARBATÓWKA,230600,512110
253180110,GARDEJA,185643,533640
254180260,GDAŃSK-PORT PÓŁNOCNY,184152,542359
254180090,GDAŃSK-RĘBIECHOWO,182912,542216
354180155,GDAŃSK-ŚWIBNO,185604,542001
254180060,GDYNIA,183334,543108
252180130,GĘBICE,180136,523602
252150030,GIŻYN,150042,525638
252180090,GŁĘBOKIE,182618,523830
252190030,GŁODOWO,191408,524950
251160360,GŁOGÓW,160336,514021
250170390,GŁUBCZYCE,174741,501055
250170330,GŁUCHOŁAZY,172314,501808
252170110,GNIEZNO,173155,523327
249200060,GNOJNIK,203518,495343
249180050,GOCZAŁKOWICE-ZDRÓJ,185850,495627
250190260,GOLCZOWICE,193612,502141
253140060,GOLENIÓW,145318,533538
252170020,GOŁAŃCZ,171758,525656
254220030,GOŁDAP,221614,541831
249180060,GOŁKOWICE,182958,495513
254180130,GORĘCZYNO,180945,541543
249210090,GORLICE,211016,493919
352150300,GORZÓW WIELKOPOLSKI,151638,524428
252150120,GORZYŃ,155341,523408
253160160,GOSTOMIA,162537,531119
252150080,GOŚCIM,154212,524546
252140060,GOZDOWICE,141920,524601
251210010,GÓRA KALWARIA,211227,515908
254200030,GÓROWO IŁAWECKIE,202930,541741
251150080,GRABIK,150641,513909
251210210,GRABOWIEC,212307,510607
251170150,GRABOWNICA,172747,512756
250170140,GRODKÓW,172318,504035
253230130,GRÓDEK,233931,530545
253180150,GRUDZIĄDZ,184234,532615
252170130,GRUSZCZYN,170411,522553
249200230,GRYBÓW,205712,493709
253140110,GRYFINO,142904,531525
251150340,GRYFÓW ŚLĄSKI,152556,510143
252150210,GRYŻYNA,151642,521112
252160140,GRZEBIENISKO,163144,522555
253160040,GRZMIĄCA,162621,535009
254160090,GRZYBNICA,162645,540242
249190650,GUBAŁÓWKA,195556,491826
249190780,GUBAŁÓWKA,195547,491820
252210010,GUTY DUŻE,211600,525601
252230110,HAJNÓWKA,233434,524436
249200540,HALA GĄSIENICOWA,200021,491438
249190680,HALA ORNAK,195134,491345
249190510,HARKABUZ,194852,493245
354180135,HEL,184843,543613
249200350,HUTA,205724,492754
250200280,IGOŁOMIA,201523,500537
249190090,INWAŁD,192319,495202
253150140,IŃSKO,153227,532606
249180260,ISTEBNA-KUBALONKA,185404,493613
249180270,ISTEBNA-MŁODA GÓRA,185144,493451
249180530,ISTEBNA-STECÓWKA,185616,493505
249180280,ISTEBNA-STECÓWKA,185625,493507
249180410,ISTEBNA-WIEŚ,185332,493408
251180080,IWANOWICE,181914,513914
249210150,IWONICZ-ZDRÓJ,214718,493402
254170180,IZBICA,172527,544038
252180160,IZBICA KUJAWSKA,184540,522535
249190560,JABŁONKA,194145,492820
252180180,JABŁONKA,180655,522136
252160190,JABŁONNA,161239,521227
253220270,JABŁONOWO-WYPYCHY,224501,530147
252180040,JAKSICE,181127,525115
250150170,JAKUSZYCE,152631,504923
253230060,JAŁÓWKA,232026,532114
252170060,JANOWIEC WIELKOPOLSKI,172744,524517
253230030,JANÓW,231346,532735
250190010,JANUSZEWICE,195740,505631
251210040,JARCZEW,215824,514853
250170340,JARNOŁTÓWEK,172617,501717
250220120,JAROCIN,221824,503407
250220210,JAROSŁAW,224147,500106
250220220,JAROSŁAW,224209,500116
251190230,JAROSTY,194131,512745
249200250,JASIONÓW,200133,493523
249210080,JASŁO,212856,494422
253160110,JASTROWIE,164851,532532
249200130,JASTRZĘBIA,205347,494711
250210090,JASTRZĘBSKA WOLA,211113,504329
251180240,JASTRZYGOWICE,182725,510004
253190050,JAŚKOWO,194409,534822
249210250,JAŚLISKA,214836,492624
249190010,JAWISZOWICE,190733,495825
251160290,JAWOR,161121,510255
249200440,JAWORZYNA KRYNICKA,205343,492504
250160220,JEDLINA-ZDRÓJ,162057,504307
251170320,JELCZ-LASKOWICE,172123,510237
350150500,JELENIA GÓRA,154720,505401
253200080,JEMIOŁOWO,201758,533342
253170020,JEZIORNA,175459,535724
254160040,JEŻYCZKI,162326,542005
250230170,JĘDRZEJÓWKA,232034,501947
249200110,JODŁOWNIK,201329,494615
250230060,JÓZEFÓW,230330,502915
250150110,KACZORÓW,155747,505423
253210230,KADZIDŁO,212707,531352
351180435,KALISZ,180451,514652
249220270,KALNICA,222529,491147
249190810,KALWARIA ZEBRZYDOWSKA,194107,495212
249190380,KAMESZNICA,190352,493412
250160620,KAMIENICA,165303,501338
253150230,KAMIENNA,155624,530229
250160150,KAMIENNA GÓRA,160215,504603
253230040,KAMIONKA,230229,532559
249220010,KAŃCZUGA,222426,495907
252150230,KARGOWA,155127,520418
250180020,KARMONKI NOWE,183446,505506
250150220,KARPACZ,154610,504644
253160120,KARSIBÓR,162339,532147
253140020,KARTLEWO,144733,534728
254170040,KARŻNICZKA,171343,542915
349190650,KASPROWY WIERCH,195855,491357
254200070,KASZUNY,202023,540930
350190560,KATOWICE,190158,501426
252200180,KAWĘCZYN,202100,521018
254190210,KĄTY RYBACKIE,191251,541958
251220190,KĘPA,221457,510341
354210185,KĘTRZYN,212200,540402
350200570,KIELCE-SUKÓW,204132,504838
251180310,KIEŁCZYGŁÓW,185906,511414
250180530,KIETRZ,180037,500456
253200240,KIKITY II,205245,535857
252230070,KLEJNIKI,232325,525017
252230150,KLESZCZELE,232006,523330
252170280,KLĘKA,172530,520435
250210120,KLIMONTÓW,212701,503912
250200130,KLISZÓW,203129,503645
253160060,KLUCZEWO,161113,533858
250180040,KŁOBUCK,185527,505335
252180210,KŁODAWA,185457,521503
350160520,KŁODZKO,163651,502613
254190120,KMIECIN,190950,541116
250190060,KOBYŁCZYCE,192157,504744
249190180,KOCIERZ MOSZCZANICKI,191517,494425
250210220,KOLBUSZOWA,214445,501544
352180345,KOŁO,183937,521159
354150100,KOŁOBRZEG-DŹWIRZYNO,152320,540930
252180080,KOŁUDA WIELKA,180856,524409
249220180,KOMAŃCZA,220348,492021
250200370,KONIECZNO,200201,504737
252180220,KONIN,181806,521438
252160210,KONOJAD,163316,520843
249190440,KORBIELÓW,192054,493407
250170240,KORFANTÓW,173546,502852
253180070,KORZENIEWO,185141,534508
253170040,KOSOBUDY,174530,535230
253190170,KOSTKOWO,195442,532145
252170160,KOSTRZYN,171234,522413
252140090,KOSTRZYN NAD ODRĄ,144116,523601
354160105,KOSZALIN,160919,541216
249190340,KOSZARAWA,192416,493921
249190820,KOSZARAWA,192450,494020
252160240,KOŚCIAN,163831,520610
249190830,KOŚCIELISKO-KIRY,195215,491640
249190660,KOŚCIELISKO-KIRY,195210,491639
254170140,KOŚCIERZYNA,175743,540743
253180230,KOWALEWO,185453,530937
249200310,KOWANIEC,200249,492927
250150190,KOWARY,154927,504813
351210488,KOZIENICE,213237,513353
250180320,KOŹLE,180849,502045
252170210,KÓRNIK,170607,521443
253160140,KRAJENKA,165827,531750
350190566,KRAKÓW-BALICE,194742,500440
250190390,KRAKÓW-OBSERWATORIUM,195731,500350
250190470,KRAKÓW-WOLA JUSTOWSKA,195325,500350
251180320,KRASZEWICE,181217,513149
249210180,KREMPNA,212922,493057
249210340,KREMPNA,212903,493059
250190170,KRĘCIWILK,192213,503243
349210670,KROSNO,214609,494224
249200370,KROŚCIENKO,202554,492644
250180190,KRUPSKI MŁYN,183724,503409
251190080,KRUSZÓW,193458,513449
249200470,KRYNICA,205739,492428
253220170,KRYPNO KOŚCIELNE,225245,531658
250180430,KRYWAŁD,183818,501237
249190280,KRZECZÓW,195436,494101
252190170,KRZEPOCINEK,190604,520003
252150090,KRZESZYCE,150044,523504
253150220,KRZĘCIN,152903,530455
252150050,KRZYŻ,155901,525252
250160450,KUDOWA-ZDRÓJ,161319,502617
253190310,KULIGI,194128,532551
254190090,KUROWO BRANIEWSKIE,194437,541348
253210270,KURPIE,214553,530257
252160010,KUŹNICA CZARNKOWSKA,163106,525656
249190240,LACHOWICE KRALE,192504,494118
249190480,LALIKI,190058,493241
250160520,LĄDEK-ZDRÓJ,165306,502043
252200120,LEGIONOWO,205722,522428
351160415,LEGNICA,161228,511133
254200010,LELKOWO,201334,541938
349220690,LESKO,222030,492759
249190140,LESKOWIEC,192648,494744
249220120,LESZCZOWATE,223252,493026
351160418,LESZNO,163205,515008
354170125,LĘBORK,174525,543311
250190160,LGOTA GÓRNA,191407,503603
249190030,LIBERTÓW,195342,495821
253190220,LIDZBARK,194927,531516
254200080,LIDZBARK WARMIŃSKI,203510,540809
249200180,LIMANOWA,202506,494137
253140130,LINIE,144523,531111
250180350,LIPINY,185351,501844
249190920,LIPNICA WIELKA,193243,493216
249190290,LIPOWA,190436,493958
251180050,LISKÓW,182436,515007
253150130,LISOWO,151805,532551
250160170,LUBACHÓW,162543,504550
249190230,LUBIEŃ,195811,494312
251150020,LUBIĘCIN,155122,515410
252150180,LUBINICKO-ŚWIEBODZIN,153244,521434
351220495,LUBLIN-RADAWIEC,222335,511300
252150140,LUBNIEWICE,151433,523047
251150350,LUBOMIERZ,153044,510036
250160120,LUBOMIN,161145,504812
252170340,LUBONIEC,171200,520938
249190320,LUBOŃ WIELKI,195932,493912
251190020,LUĆMIERZ,192144,515333
252150160,LUTOL SUCHY,154301,522015
251190090,LUTOSŁAWICE RZĄDOWE,193401,512956
249220230,LUTOWISKA,224132,491454
253170150,LUTÓWKO,172449,532738
250180330,ŁABĘDY,183655,502031
253150070,ŁABĘDZIE,154833,533902
249200280,ŁABOWA,205131,493134
249200080,ŁAPANÓW,201632,495143
253190110,ŁASIN,190514,533101
251190190,ŁASK,191043,513508
251200150,ŁAZISKA,205533,511926
249200020,ŁAZY,202943,495755
250190220,ŁAZY,192303,502551
249200260,ŁĄCKO,202622,493335
354170120,ŁEBA,173205,544513
250180080,ŁEBKI,184559,504640
254170120,ŁOBZOWO,171458,540751
249190210,ŁODYGOWICE,190937,494327
249200320,ŁOPUSZNA,200725,492827
351190465,ŁÓDŹ,192314,514306
252150040,ŁUBIANKA,151130,525303
254170090,ŁUPAWSKO,173517,541640
249200530,ŁYSA POLANA,200654,491549
250190310,MACZKI,191546,501531
250210160,MAJDAN KRÓLEWSKI,214507,502200
250180410,MAKOSZOWY,184542,501522
249190190,MAKÓW PODHALAŃSKI,194117,494333
253200090,MAŁSZEWO,204254,533458
253220330,MARIANOWO II,220621,531243
249190390,MARKOWE SZCZAWINY,193059,493515
252140150,MASZEWO,145509,520410
249180070,MAZAŃCOWICE,185909,495119
252160030,MIAŁY,161036,524826
254160110,MIASTKO,165849,540056
252160330,MICHORZEWO II,162239,522251
250200210,MIECHÓW,200158,502146
250210210,MIELEC,212558,501646
253140150,MIELĘCIN,145356,530441
250160310,MIEROSZÓW,161033,503945
249190130,MIĘDZYBRODZIE BIALSKIE,191146,494722
250160630,MIĘDZYGÓRZE,164623,501306
250160650,MIĘDZYLESIE,164015,500912
252150150,MIĘDZYRZECZ,153837,522743
353210280,MIKOŁAJKI,213523,534721
254170060,MIKOROWO,173446,542458
253210360,MIKOSZE,215518,534821
251170140,MILICZ,171638,513040
249190410,MILÓWKA,190446,493333
252160040,MIŁKOWO,163101,524906
251180150,MIRKÓW,180847,511837
253160130,MIROSŁAWIEC,160519,532023
250150510,MIRSK,152300,505913
249200360,MIZERNA,201655,492719
353200270,MŁAWA,202140,530615
250180440,MODZURÓW,180747,500921
253220310,MOŃKI,224747,532401
252220160,MORDY,223036,521245
249200910,MORSKIE OKO,200417,491204
253170280,MOTYL,174925,532548
253210340,MRĄGOWO,211857,535313
249200980,MSZANA DOLNA,200316,493949
249200490,MUSZYNA,205311,492059
253210210,MYSZYNIEC,212101,532304
252140020,MYŚLIBÓRZ,145124,525445
252170170,NAGRADOWICE,170844,521912
251170290,NAMYSŁÓW,174300,510359
252230040,NAREW,233109,525453
252230230,NAREW,233122,525500
252230240,NAREWKA,234330,525149
249200420,NIEDZICA,201857,492504
250230020,NIELISZ,230219,504818
254170220,NIESIOŁOWICE-RZEPISKA,175233,541200
254170130,NIEZABYSZEWO,172524,540818
250190020,NIEZNANICE,191839,505503
250180070,NIWKI,183950,504912
252160090,NOJEWO,161842,523621
250210020,NOSÓW,211309,505509
254190020,NOWA PASŁĘKA,194449,542534
250210040,NOWA SŁUPIA,210500,505151
252170330,NOWA WIEŚ PODGÓRNA,173521,520832
252180020,NOWA WIEŚ WIELKA,180514,525757
249190640,NOWE BYSTRE,195545,491956
252230010,NOWOSADY,235244,525821
253230170,NOWOSIÓŁKI,233135,531030
249220110,NOWOTANIEC,220131,493028
253180170,NOWY JASINIEC,180214,532054
349200660,NOWY SĄCZ,204119,493738
254190130,NOWY STAW,190044,540803
249200960,NOWY TARG-KOWANIEC,200318,492911
249210120,NOWY ŻMIGRÓD,213200,493642
252230160,NURZEC,230507,522759
249190520,OBIDOWA,195807,493239
254170030,OBJAZDA,170233,543624
251160220,OBORNIKI ŚLĄSKIE,165505,511748
252160320,OBORNIKI WIELKOPOLSKIE II,164701,523917
249180080,OCHABY,184555,495039
249200290,OCHOTNICA GÓRNA,201441,493037
250190340,OJCÓW,194942,501208
253160080,OKONEK,165010,533119
254220090,OLECKO,222913,540251
250190290,OLEWIN,193613,501637
253200060,OLSZEWKI,205945,534027
353200272,OLSZTYN,202517,534607
250160510,OŁDRZYCHOWICE KŁODZKIE,164404,502123
251200130,OPOCZNO,201404,512244
350170530,OPOLE,175808,503737
249210160,ORZECHÓWKA,215741,494300
251160110,OSETNO,162751,513755
253180120,OSIE,182119,533556
249190270,OSIELEC,194420,494044
252140030,OSINÓW DOLNY,140812,525055
251180160,OSJAKÓW,184701,511659
253220120,OSOWIEC,223845,532857
253160020,OSÓWKO,160405,535420
353210285,OSTROŁĘKA,213202,530357
250160320,OSTROSZOWICE,163809,503839
253190260,OSTROWITE,191627,532512
253190160,OSTROWITE,191707,530336
251170360,OSTRÓW WIELKOPOLSKI,175224,513939
254180140,OSTRZYCE-BRODNICA GÓRNA,180529,541628
250190440,OŚWIĘCIM,191450,500223
250170250,OTMUCHÓW,170959,502820
250150240,PACZYN,155441,504423
253200050,PAJTUNY,204137,534328
252180060,PAKOŚĆ,180533,524758
252160160,PAPROĆ,161054,521816
250150250,PAPROTKI,155653,504336
254190160,PASŁĘK,193934,540414
355180001,PETROBALTIC BETA,181057,552851
249190310,PEWEL MAŁA,191821,493939
254190080,PIERZCHAŁY,195057,541802
253190080,PIETRZWAŁD,195516,533413
250150050,PILCHOWICE,153824,505746
251200260,PILCZYCA,200602,510158
250190210,PILICA,193849,502735
249190530,PILSKO,191906,493228
249210010,PILZNO,211830,495914
353160230,PIŁA,164450,530750
253160210,PIŁAWA,162823,533756
252170220,PIOTROWO,175855,521340
253210110,PISZ,214843,533759
249200920,PIWNICZNA,204323,492530
250190510,PIWOŃ,191442,502904
250190180,PIWOŃ,191504,502900
251190140,PLUCICE,193607,511213
253170130,PŁAZOWO,175630,533212
352190360,PŁOCK,194333,523518
253150210,PŁOTNO,151751,530519
250150030,POBIEDNA,151814,505637
252170120,POBIEDZISKA,171158,522820
252160020,PODANIN,165828,525724
251180040,PODDĘBICE,185735,515308
253220230,PODGÓRZE,220757,530643
250150350,PODGÓRZYN,154115,504932
253140030,PODGRODZIE,141955,534357
249220220,POLANA,223436,491812
249190670,POLANA CHOCHOŁOWSKA,194719,491413
250160490,POLANICA-ZDRÓJ,163106,502531
254160080,POLANÓW,164059,540707
251160150,POLKOWICE DOLNE,160322,513002
249220320,POŁONINA WETLIŃSKA,223306,490928
253150050,PORADZ,153621,534206
249200930,PORONIN,200207,491949
250230050,POTURZYN,235631,503311
252170150,POWIDZ,175445,522453
352160330,POZNAŃ,165005,522500
253150150,POŹRZADŁO WIELKIE,155526,532308
249200210,PÓŁRZECZKI,201254,493909
253190070,PRABUTY,191254,534422
252200210,PRUSZKÓW,204613,521058
252170080,PRZEBĘDOWO,170112,523506
251190160,PRZEDBÓRZ,195230,510526
253150190,PRZELEWICE,150456,530615
349220695,PRZEMYŚL,224619,494815
254210050,PRZERWANKI,215529,540740
250150210,PRZESIEKA,154002,504756
249180010,PSZCZYNA,185509,495944
250160090,PSZENNO,163235,505114
253210180,PTAKI,214741,532326
253210290,PTAKI,214730,532335
249200240,PTASZKOWA,205312,493601
251190050,PUCZNIEW,190402,514705
251210120,PUŁAWY,215758,512446
249210210,PUŁAWY DOLNE,215426,492924
252210050,PUŁTUSK,210525,524339
249190470,RABA WYŻNA,195254,493353
350180540,RACIBÓRZ,181127,500340
253220020,RACZKI,224645,535916
251160030,RADOMICKO,163222,515710
250210230,RADOMYŚL WIELKI,211611,501159
253180020,RADOSTOWO,184450,535922
252180310,RADOSZEWICE,184222,522143
249190890,RADZIECHOWY,190920,493855
250200250,RADZIEMICE,201351,501512
253220130,RADZIŁÓW,222419,532450
249190050,RADZISZÓW,194846,495633
251160320,RADZYŃ,160216,515221
251160350,RADZYŃ,160221,515227
253180160,RADZYŃ-FIJEWO,185551,532342
251220040,RADZYŃ PODLASKI,223603,514609
249190540,RAJCZA,190619,493022
249190840,RAJCZA,190654,493029
253220320,RAJGRÓD,224136,534404
250210110,RAKÓW,210255,504018
249190790,RATUŁÓW,195303,492330
249190610,RATUŁÓW,195301,492330
353150210,RESKO-SMÓLSKO,152336,534549
254180080,RĘBISKA,181907,542627
250150060,RĘBISZÓW,152656,505706
254190230,ROGITY,195141,542321
252160060,ROGOŹNO,165855,524515
253190240,ROKITNICA,193130,530932
252150290,ROKITNO,153826,523301
249200120,ROZDZIELE,202458,494707
254180010,ROZEWIE,182008,544946
253210170,ROZOGI,212246,532929
249200220,ROZTOKA,202300,493825
249220290,ROZTOKI GÓRNE,221901,490912
253170110,ROZWORY,170542,533257
253200160,RÓG,204512,531936
253230020,RÓŻANYSTOK,232405,533807
253170030,RÓŻKI-DĘBIE,170853,535328
249180520,RUDZICA,185251,495114
249180090,RUDZICA,185257,495112
253180130,RULEWO,183622,533301
251200140,RUSZKOWICE,203957,512021
252210290,RYBIENKO,212545,523440
250180510,RYBNIK,183157,500612
250180590,RYBNIK-STODOŁY,182859,500916
249220070,RYBOTYCZE,223824,493916
249190580,RYCERKA GÓRNA,190030,492535
249190850,RYCERKA GÓRNA,190029,492533
250190230,RYCZÓW,193515,502521
252160050,RYCZYWÓŁ,165020,524857
250200050,RYKOSZYN,202442,505156
253210030,RYN,213318,535625
350220580,RZESZÓW-JASIONKA,220232,500639
251200050,SADKOWICE,203058,514337
250210080,SADKÓW,210438,504412
249220190,SAKOWCZYK,222651,491853
350210585,SANDOMIERZ,214257,504148
251140110,SANICE,145833,512424
249220080,SANOK-TREPCZA,221107,493505
254230020,SEJNY,232101,540604
251180340,SEMPÓŁKI,185008,515636
250210260,SĘDZISZÓW MAŁOPOLSKI,214213,500441
253160010,SĘPOLNO WIELKIE,164624,535651
352220385,SIEDLCE,221441,521052
253210010,SIEDLISKA,215537,535949
250200020,SIEKIERNO,205634,505902
250200220,SIELEC,202514,501907
251180190,SIEMIANICE,180835,511058
250190560,SIEMIANOWICE ŚLĄSKIE,190123,501931
251180180,SIEMKOWICE,185639,511218
249190060,SIEPRAW,195753,495417
251180350,SIERADZ-DZIGORZEW,184217,513727
254160060,SIERAKOWO,163059,541259
249201010,SIERCZA,200202,495821
250190030,SILNICZKA,194532,505519
252190010,SKĘPE (WYMYŚLIN),192112,525141
251200030,SKIERNIEWICE,200937,515755
249180120,SKOCZÓW,184739,494753
252150280,SKWIERZYNA,153026,523610
254160030,SŁAWNO,164013,542106
253150030,SŁAWOBORZE,154239,535319
252170350,SŁĘBOWO II,173657,525046
254190150,SŁOBITY,194505,540747
250160480,SŁOSZÓW,162246,502436
352140310,SŁUBICE,143711,522055
252170190,SŁUPCA,175300,521619
254170190,SŁUPSK,170208,542748
251170090,SMOLICE,171051,514150
254170020,SMOŁDZINO,171309,543953
252180070,SOBIESIERNIE,182702,524500
251220220,SOBIESZYN,220903,513621
249190750,SOBLÓWKA,190854,492615
249190860,SOBLÓWKA,190843,492724
251170080,SOBÓTKA,175145,514644
249220150,SOLINA-JAWOR,222806,492400
254170160,SOMINY,173831,540208
252180170,SOMPOLNO,182955,522345
249190430,SOPOTNIA WIELKA,191758,493454
250190580,SOSNOWIEC-JULIUSZ,191308,501555
253220340,SOSNOWO,225532,534201
249190460,SPYTKOWICE GÓRNE,194620,493358
250160350,SREBRNA GÓRA,163953,503438
250180470,STANOWICE,184012,500809
251200240,STANOWISKA,202217,510231
250150080,STARA KAMIENICA,153421,505458
250180370,STARA KUŹNIA,182028,501813
251210230,STARACHOWICE,210321,510230
250180030,STARE OLESNO,182150,505417
253150010,STARNIN,152724,535754
253180040,STAROGARD GDAŃSKI,183256,535856
252180120,STARY BRZEŚĆ,185449,523700
250210130,STASZÓW,211106,503542
253140050,STEPNICA,143752,533914
252160170,STĘSZEW,164147,521635
249190120,STRACONKA,190709,494741
249190770,STRACONKA,190626,494738
249200050,STRADOMKA,201833,495515
253190040,STRASZEWO,190218,534910
249190150,STRÓŻA,195503,494747
252150060,STRZELCE KRAJEŃSKIE,153117,525225
252180110,STRZELNO,180952,523743
250240010,STRZYŻÓW,240208,505024
249200330,STUDZIONKI,201243,492943
249220280,STUPOSIANY,224059,491130
253150160,SUCHAŃ,151900,531645
251200250,SUCHEDNIÓW,204950,510259
250180380,SUKOWICE,181011,501546
252150220,SULECHÓW,153720,520557
351190469,SULEJÓW,195159,512112
251150290,SULIKÓW,150354,510437
253230160,SUPRAŚL,231957,531239
252220020,SURAŻ,225734,525656
354220195,SUWAŁKI,225656,540751
253170160,SYPNIEWO,171949,532152
251180070,SZADEK,185834,514142
249200380,SZAFLARY,200135,492531
249200950,SZAFLARY,200132,492602
250160840,SZALEJÓW GÓRNY,163309,502550
253170230,SZAMOCIN,170711,530159
252160110,SZAMOTUŁY-BABORÓWKO,163817,523504
249220140,SZCZAWNE,220849,492356
250160130,SZCZAWNO-ZDRÓJ,161428,504824
353140205,SZCZECIN,143722,532343
353160215,SZCZECINEK,164448,534304
251190210,SZCZERCÓW,190709,512027
254200120,SZCZURKOWO,205407,542117
249180210,SZCZYRK,185941,494211
253210130,SZCZYTNO,210044,533437
252170070,SZELEJEWO,174458,524357
251170040,SZELEJEWO,170954,515140
252220030,SZEPIETOWO,223246,525058
250150150,SZKLARSKA PORĘBA,153145,505004
254190140,SZOPY,191937,540759
253230070,SZUDZIAŁOWO,233912,531758
249190220,ŚLEMIEŃ,192111,494303
249190870,ŚLEMIEŃ,192228,494257
253180090,ŚLIWICE,181033,534217
350150510,ŚNIEŻKA,154423,504411
252170270,ŚREM,170203,520454
252210210,ŚWIDER,211415,520657
250150090,ŚWIERADÓW-ZDRÓJ,152131,505354
250180270,ŚWIERKLANIEC,185633,502544
251150360,ŚWIERZAWA,155410,510046
251150410,ŚWIERZAWA,155320,510101
252160260,ŚWIĘTNO,160301,520023
250210050,ŚWIĘTY KRZYŻ,210305,505134
353140200,ŚWINOUJŚCIE,141432,535524
250180290,TACISZÓW,183210,502210
249220330,TARNAWA NIŻNA,224729,490729
250220140,TARNOGRÓD,224524,502124
250230080,TARNOSZYN,234713,502517
350200575,TARNÓW,205902,500148
250160360,TARNÓW,164734,503431
249220160,TELEŚNICA OSZWAROWA,223152,492249
251200290,TEOFILÓW,201058,513141
352230399,TERESPOL,233719,520443
249220210,TERKA,222537,491750
254180070,TĘPCZ,180220,543027
254190070,TOLKMICKO,193121,541931
251150180,TOMASZÓW BOLESŁAWIECKI,154039,511635
250230070,TOMASZÓW LUBELSKI,232356,502729
253190250,TOMKOWO,191212,530905
252220120,TONKIELE,223356,522443
353180250,TORUŃ,183544,530231
250180240,TOSZEK,183048,502734
251170370,TRĄBINEK,170541,515945
254180150,TRĄBKI WIELKIE,183213,541024
253160180,TRZCIANKA,162837,530238
252140160,TRZCIŃSKO-ZDRÓJ,143517,525752
254150020,TRZEBIATÓW,151553,540359
253140040,TRZEBIEŻ,143050,533947
251170210,TRZEBNICA,170358,511915
251170060,TRZEBOWA,174021,514835
252170090,TRZEMESZNO,174905,523422
249200570,TRZEMEŚNIA,200046,494845
249210030,TUCHÓW,210251,495414
252150010,TUCZNO,152939,525829
253160220,TUCZNO TRZECIE,161044,531244
252180290,TULISZKÓW,181607,520404
249200270,TURBACZ,200705,493241
252180260,TUREK,182954,520037
252160250,TUREW,164957,520330
251150280,TWARDOCICE,154503,510525
250180420,TWORÓG MAŁY,182802,501522
250190520,TYCHY,190004,500755
253220210,TYKOCIN,224614,531216
249210260,TYLICZ,210032,492332
253210350,TYSZKI-WĄDOŁOWO,215903,532652
251230060,UHNIN,230406,513417
254170080,ULISZKOWICE,170706,541627
354160115,USTKA,165115,543518
249180180,USTROŃ-RÓWNICA-WIEŚ,185109,494311
249190080,WADOWICE,193107,495255
249190880,WADOWICE,193040,495238
252190160,WALEWICE,193956,520610
250160270,WALIM,162621,504210
252180150,WANDOWO,181806,522604
249180150,WAPIENICA,185824,494625
252140040,WARNICE,144015,525106
352200375,WARSZAWA,205740,520946
252200150,WARSZAWA-BIELANY,205748,521653
252200230,WARSZAWA-FILTRY,205957,521310
252210170,WARSZAWA-OBSERWATORIUM II,210143,521304
249180020,WARSZOWICE,184220,495931
251180060,WARTA,183721,514233
252210030,WĄSEWO,213959,525221
250190080,WĄSOSZ,194109,504415
254180050,WEJHEROWO,181330,543648
249220310,WETLINA,222819,490841
249200140,WĘGLÓWKA,200428,494501
254210020,WĘGORZEWO,214405,541326
254200110,WICHROWO,202513,540156
251180130,WIDAWA,185640,512617
253140140,WIDUCHOWA,142336,530712
253170180,WIELE,173342,531631
252210240,WIELGOLAS,214326,520214
252160230,WIELICHOWO,162123,520650
250230140,WIELKIE OCZY,230930,500104
351180455,WIELUŃ,183324,511237
252220010,WIERZBOWO,221945,525834
252140050,WIERZCHLAS,143008,525017
253160090,WIERZCHOWO,160616,532736
254180020,WIERZCHUCINO,175958,544719
250180610,WIESZOWA,184627,502254
252180050,WIĘCŁAWICE,181809,525042
250210170,WILCZA WOLA,215555,502029
252170230,WINNA GÓRA,172655,521217
252200050,WINNICA,205610,523835
249180230,WISŁA,185141,493917
249180250,WISŁA-GŁĘBCE,185238,493742
249180240,WISŁA-MALINKA,185803,493841
249180040,WISŁA WIELKA,184920,495630
249210190,WISŁOCZEK,215156,493003
249210270,WISŁOK WIELKI,215957,492243
251230030,WISZNICE,231215,514719
251170030,WITASZYCE,173312,515644
253150020,WITNO,150347,535640
249190630,WITÓW,194930,491939
253220190,WIZNA,222424,531210
252180230,WŁADYSŁAWÓW,182841,520613
251200220,WŁOCHÓW,203644,510556
351230497,WŁODAWA,233146,513312
250190570,WOJKOWICE,190327,502217
250170420,WOJNOWICE,175310,500701
250190240,WOLBROM,194504,502303
253140010,WOLIN,143657,535015
249220340,WOŁOSATE,224109,490351
251200070,WÓLKA JAGIELCZYŃSKA,201103,514043
351160424,WROCŁAW,165400,510612
251160340,WROCŁAW-STRACHOWICE,165254,510649
252160070,WRONKI,162256,524206
249200990,WRONOWICE,203526,494411
252170180,WRZEŚNIA,173533,521854
253170070,WYCZECHY,170215,534125
253170220,WYRZYSK,171448,530931
253170190,WYSOKA,170436,531052
250220030,WYSOKIE,224001,505504
249210230,WYSOWA,211021,492617
249210220,WYSZOWADKA,212515,492714
249220350,WYŻNIAŃSKI WIERCH,223509,490719
253230140,ZABŁUDÓW,232100,530111
250220050,ZAKŁODZIE,225141,504527
349190625,ZAKOPANE,195737,491738
252200110,ZAKROCZYM,203637,522554
252170010,ZALESIE,173558,525923
252230250,ZAMOSZE,235446,524855
350230595,ZAMOŚĆ,231220,504154
253170060,ZAPĘDOWO,175025,534215
253210260,ZARUZIE,214809,530851
252210070,ZATORY,211101,523522
250210240,ZAWADA,212936,500350
253220220,ZAWADY,224024,530925
249190350,ZAWOJA,193107,493643
252150190,ZBĄSZYŃ,155542,521446
253190180,ZBICZNO,192232,531950
251180020,ZBIERSK,180901,515636
249210130,ZBOISKA,214145,493439
252160130,ZĘBOWO,160441,522753
250160530,ZIELENIEC,162339,501948
250180210,ZIELONA,185810,503257
351150400,ZIELONA GÓRA,153129,515548
251180140,ZŁOCZEW,183557,512516
252160120,ZŁOTNIKI,164955,522901
251150390,ZŁOTNIKI LUBAŃSKIE,152026,510050
250190090,ZŁOTY POTOK,192547,504220
249190760,ZUBRZYCA DOLNA,194045,493009
250180450,ZWONOWICE,182628,500844
254220020,ŻABIN,220217,541917
249190420,ŻABNICA,191114,493343
252190040,ŻABOWO,195515,524933
251150110,ŻAGAŃ,151737,513859
250190140,ŻARKI,192249,503824
249210040,ŻARNOWA,214859,495240
254170010,ŻELAZNO,175123,544326
253140090,ŻELEWO,145158,531730
254180040,ŻELISTRZEWO,182531,544036
252170290,ŻERKÓW,173535,520340
252170040,ŻNIN,174501,525023
250180560,ŻORY,184112,500308
249220240,ŻUBRACZE,221618,491232
252190120,ŻYCHLIN,193723,521434
254220010,ŻYTKIEJMY,224150,542107
